{
  "version": 1,
  "author": "Anonymous maker",
  "editor": "wokwi",
  "parts": [
    { "type": "board-esp32-s3-devkitc-1", "id": "esp", "top": 0, "left": 0, "attrs": {} },
    {
      "type": "wokwi-led",
      "id": "led1",
      "top": 130.8,
      "left": 272.6,
      "attrs": { "color": "red" }
    },
    { "type": "wokwi-dht22", "id": "dht1", "top": -153.3, "left": -91.8, "attrs": {} },
    {
      "type": "wokwi-pir-motion-sensor",
      "id": "pir1",
      "top": -149.6,
      "left": -208.98,
      "attrs": {}
    },
    {
      "type": "wokwi-resistor",
      "id": "r1",
      "top": 205.55,
      "left": 182.4,
      "attrs": { "value": "200" }
    },
    {
      "type": "wokwi-resistor",
      "id": "r2",
      "top": 32.75,
      "left": 192,
      "attrs": { "value": "200" }
    },
    { "type": "wokwi-led", "id": "led2", "top": -70.8, "left": 215, "attrs": { "color": "red" } }
  ],
  "connections": [
    [ "esp:TX", "$serialMonitor:RX", "", [] ],
    [ "esp:RX", "$serialMonitor:TX", "", [] ],
    [ "dht1:SDA", "esp:15", "green", [ "v0" ] ],
    [ "dht1:GND", "esp:GND.2", "black", [ "v19.2", "h144" ] ],
    [ "pir1:VCC", "esp:3V3.2", "red", [ "v0" ] ],
    [ "pir1:OUT", "esp:13", "green", [ "v0" ] ],
    [ "pir1:GND", "esp:GND.1", "black", [ "v0" ] ],
    [ "dht1:VCC", "esp:3V3.1", "red", [ "v0" ] ],
    [ "r1:1", "esp:14", "green", [ "v0" ] ],
    [ "led1:A", "r1:2", "green", [ "v0" ] ],
    [ "led1:C", "esp:GND.3", "green", [ "v0" ] ],
    [ "r2:1", "esp:37", "green", [ "v0" ] ],
    [ "r2:2", "led2:A", "green", [ "v0" ] ],
    [ "led2:C", "esp:GND.4", "green", [ "v0" ] ]
  ],
  "dependencies": {}
}